<?xml version='1.0' encoding='UTF-8'?>

<module xmlns="urn:jboss:module:1.1" name="com.cashzhang27.custom-keycloak-spi">

    <resources>
        <resource-root path="custom-keycloak-spi-0.0.1.jar"/>
    </resources>

    <dependencies>
        <module name="org.keycloak.keycloak-core"/>
        <module name="org.keycloak.keycloak-server-spi-private"/>
        <module name="org.keycloak.keycloak-services"/>
        <module name="org.keycloak.keycloak-server-spi"/>
        <module name="org.keycloak.keycloak-server-spi"/>
        <module name="com.alipay.sdk.alipay-sdk-java"/>
        <module name="javax.ws.rs.api"/>
        <module name="org.jboss.logging"/>
        <module name="com.google.guava"/>
        <module name="com.fasterxml.jackson.core.jackson-databind"/>
    </dependencies>
</module>